Place Name,Owner,Address,Stadtteil,Polnische Straße,Polnische Adresse
Adamczewski, St., Schlossstr. 4.,,Zamkowa,Zamkowa 4, Poznań
Ahlers, O., Breslauerstr. 15.,,Wrocławska,Wrocławska 15, Poznań
Ahlers, E., Marienstr. 5, J.,Gajowa,Gajowa 5, Poznań
Ahlert, O., Breslauerstr. 37.,,Wrocławska,Wrocławska 37, Poznań
Albrecht, J., Kaiserin Vietoriastrasse 5, J.,Grunwaldzka,Grunwaldzka 5, Poznań
Aring, H., Breitestr. 9.,,Wielka,Wielka 9, Poznań
Aron & Ettisch, , Schlossstr. 7.,,Zamkowa,Zamkowa 7, Poznań
Astmann, Emil, Wallischei 24.,,Chwaliszewo,Chwaliszewo 24, Poznań
Barth, M, Mühlthor 2 (Mühlenpark.),, Brama Młyńska 2,Brama Młyńska 2, Poznań
Bayer, M., Thiergartenstr. 4., J.,Zwierzyniecka,Zwierzyniecka 4, Poznań
Bayerlein, M., Villenstr. 71, W.,Dolna Wilda,Dolna Wilda 71, Poznań
Bernstein, J., Schlossstr. 3.,,Zamkowa,Zamkowa 3, Poznań
Białk, J., Wronkerpl. 7.,,Wolnica,Wolnica 7, Poznań
Binert, St., St. Martinstr. 21.,,Św. Marcin,Św. Marcin 21, Poznań
Brämer, Ch., St. Martinstr. 18,,Św. Marcin,Św. Marcin 18, Poznań
Brauer, E, Warschauerstr. 1.,,Warszawska,Warszawska 1, Poznań
Brodowski, , St. Martinstr. 33.,,Św. Marcin,Św. Marcin 33, Poznań
Burdajewicz, F., Saphiehapl. 7.,,Plac Wielkopolski,Plac Wielkopolski 7, Poznań
Buschke, J., Kronprinzenstr. 1, W.,Górna Wilda,Górna Wilda 1, Poznań
Całka, J., Schuhmacherstr. 20.,,Szewska,Szewska 20, Poznań
Conrad, J., Wiesenstr. 8.,,Łąkowa,Łąkowa 8, Poznań
Czajkowski, A., Halbdorfstr. 12.,,Półwiejska,Półwiejska 12, Poznań
Czerwinski, A., Gr. Berlinerstr. 86, J.,Dąbrowskiego,Dąbrowskiego 86, Poznań
Dartsch, J., Ritterstr. 34.,,Ratajczaka,Ratajczaka 34, Poznań
Deierling, J., Kronprinzenstr. 51, W.,Górna Wilda,Górna Wilda 51, Poznań
Dembiński. ,C., Schlosserstr. 6,,Ślusarska,Ślusarska 6, Poznań
Dobrogowski, F., Posenerstr.12, J.,Poznańska,Poznańska 12, Poznań
Doering, H., Flussstr. 2.,,Piastowska,Piastowska 2, Poznań
Drzewiecki, C., Wallischei 16.,,Chwaliszewo,Chwaliszewo 16, Poznań
Duchowski, A., Berlinerstr. 9.,,27 Grudnia,27 Grudnia 9, Poznań
Dümke, A., Wilhelmspl. 18.,,Pl. Wolnosci,Pl. Wolności 18, Poznań
Embacher, A., Hedwigstr. 30, J.,Kraszewskiego,Kraszewskiego 30, Poznań
Emmerich, E., Bachstr. 22, W.,Gen. Sikorskiego,Gen. Sikorskiego 22, Poznań
Fabich, G., Wasserstr. 9.,,Wodna,Wodna 9, Poznań
Falk, M. W., Berlinerstr. 17.,,27 Grudnia,27 Grudnia 17, Poznań
Fiedler, A., Kronprinzenstr. 18, W.,Górna Wilda,Górna Wilda 18, Poznań
Fierek, B., Glogauerstr. 55, J.,Głogowska,Głogowska 55, Poznań
Filipowicz, L., Breslauerstr. 28/29.,,Wrocławska,Wrocławska 28/29, Poznań
Fischbach, W., Alt. Markt 1.,,Stary Rynek,Stary Rynek 1, Poznań
Franke, A, St. Martinstr. 44.,,Św. Marcin,Św. Marcin 44, Poznań
Fröhlich, A., Wronkerpl. 3.,,Wolnica,Wolnica 3, Poznań
Gałęcki, J., St. Adalbertstr. 2.,,Św. Wojciech,Św. Wojciech 2, Poznań
Garstka, R.,Gr. Gerberstr. 40.,,Garbary,Garbary 40, Poznań
Gerhardt, E., Breslauerstr. 13.,,Wrocławska,Wrocławska 13, Poznań
Goldmann, E., Sapiehapl. 8.,,Plac Wielkopolski,Plac Wielkopolski 8, Poznań
Gollan, J., Kais Friedrichstr. 39, J.,Wawrzyniaka,Wawrzyniaka 39, Poznań
Gottfried, W., Friedrichstr. 26.,,23 lutego,23 lutego 26, Poznań
Gottmann, P., Halbdorfstr. 1.,,Półwiejska,Półwiejska 1, Poznań
Goy, Otto, Friedrichstr. 11.,,23 lutego,23 lutego 11, Poznań
Graetz, St., St. Roch 2.,,Św. Rocha,Św. Rocha 2, Poznań
Grannich, Fr., Wilhelmstr. 20.,,Al. Marcinkowskiego,Al. Marcinkowskiego 20, Poznań
Grosser, A., Halbdorfstr. 13.,,Półwiejska,Półwiejska 13, Poznań
Heintzelmann, R., Zagorze 12.,,Zagorze,Zagórze 12, Poznań
Helmich, Fr., St. Martinstr. 20.,,Św. Marcin,Św. Marcin 20, Poznań
Herforth, J., Gr. Gerberstr. 14.,,Garbary,Garbary 14, Poznań
Heusig, B., Eichwaldstr. 2.,,Droga Dębińska,Droga Dębińska 2, Poznań
Hitze, H., Glogauerstr. 46, J.,Głogowska,Głogowska 46, Poznań
Hoderni, Fr., Judenstr. 13/14.,,Żydowska,Żydowska 13/14, Poznań
Hoedt, W., Büttelstr. 23.,,Woźna,Woźna 23, Poznań
Hoffmann, K., Bergstr. 7.,,Podgórna,Podgórna 7, Poznań
Hoffmann, O., Eichwaldstr. 11.,,Droga Dębińska,Droga Dębińska 11, Poznań
Hollmann, C., Neue Gartenstr. 2, Ba.,Matejki,Matejki 2, Poznań
Jacoby, H., Hedwigstr. 14, J.,Kraszewskiego,Kraszewskiego 14, Poznań
Jankowski. ,St., Wallischei 68.,,Chwaliszewo,Chwaliszewo 68, Poznań
Jarecki, M., Marstallstr. 2.,,Masztalerska,Masztalerska 2, Poznań
Jessel, J. H., Schlossstr. 4.,,Zamkowa,Zamkowa 4, Poznań
Jone, Robert, Alter Markt 31.,,Stary Rynek,Stary Rynek 31, Poznań
Kajkowski, J., Gr. Berlinerstr. 65, J.,Dąbrowskiego,Dąbrowskiego 65, Poznań
Kaluzny, T., Warschauerstr. 5.,,Warszawska,Warszawska 5, Poznań
Kaminski, J., Gr. Gerberstr. 20.,,Garbary,Garbary 20, Poznań
Kernchen, J., Kaiser Friedrichstrasse 17, J.,Wawrzyniaka,Wawrzyniaka 17, Poznań
Kernchen, R., Kaiser Wilhelmstr. 12, J.,Szamarzewskiego,Szamarzewskiego 12, Poznań
Kirscht, E., Glogauerstr. 105, L.,Głogowska,Głogowska 105, Poznań
Kiry, P., St. Martinstr. 26.,,Św. Marcin,Św. Marcin 26, Poznań
Klande, W., Friedrichstr. 27.,,25 lutego,23 lutego 27, Poznań
Klein, C., Halbdorfstr. 41.,,Półwiejska,Półwiejska 41, Poznań
Kleinert, H., Thiergartenstr 8, J.,Zwierzyniecka,Zwierzyniecka 8, Poznań
Klunder, J., Kronprinzenstr. 109, W.,Górna Wilda,Górna Wilda 109, Poznań
Knoll, B., Bergstr. 18.,,Podgórna,Podgórna 18, Poznań
Konopinski, V., Alt. Markt 59.,,Stary Rynek,Stary Rynek 59, Poznań
Kopliński, Fr., Wallischei 2.,,Chwaliszewo,Chwaliszewo 2, Poznań
Koppe, A., Alt. Markt 76.,,Stary Rynek,Stary Rynek 76, Poznań
Kostro, J., Alt. Markt 8.,,Stary Rynek,Stary Rynek 8, Poznań
Kowarsch, H., St. Adalbertstr. 1.,,Św. Wojciech,Św. Wojciech 1, Poznań
Kozioł, H., Kirchstr. 41, J.,Kościelna,Kościelna 41, Poznań
Kraetschmann, A., Eichwaldstr. 7.,,Droga Dębińska,Droga Dębińska 7, Poznań
Kraetschmann, B., Flurstr. 1.,,Sienna,52°24'31.0"N 16°56'39.1"E
Kraetschmann, A. , Eichwaldstr. 6.,,Droga Dębińska,Droga Dębińska 6, Poznań
Krakauer, J., Schützenstr. 26.,,Strzelecka,Strzelecka 26, Poznań
Krebs, W., Bahnstr. 21, W.,Kolejowa,Kolejowa 21, Poznań
Kretschmer, A., Viktoriastr. 12.,,Seweryna Mielżyńskiego/Gwarna,Seweryna Mielżyńskiego/Gwarna 12, Poznań
Krüger, V., Schuhmacherstr. 1.,,Szewska,Szewska 1, Poznań
Krzyzankiewiez, P., Ziegelstr. 2, J.,Niska & Grudzieniec,Niska & Grudzieniec 2, Poznań
Kuhnke, O., Wilhelmstr. 28.,,Al. Marcinkowskiego,Al. Marcinkowskiego 28, Poznań
Kunkel, L., Kirchstr. 36, J.,Kościelna,Kościelna 36, Poznań
Kutzner, G., Fischerei 23.,,Rybaki,Rybaki 23, Poznań
Lange, P., Wilhelmstr. 7.,,Al. Marcinkowskiego,Al. Marcinkowskiego 7, Poznań
Latuszak, C., Sandstr. 1.,,Piaskowa,Piaskowa 1, Poznań
Lauchstaedt, F., Hedwigstr. 16, J.,Kraszewskiego,Kraszewskiego 16, Poznań
Lehmann, P., Glogauerstr. 112, J.,Głogowska,Głogowska 112, Poznań
Lehmann, A, Naumannstr. 10.,,Działyńskich,Działyńskich 10, Poznań
Lepczyk, L., Cybinastr. 12.,,Cybińska,Cybińska 12, Poznań
Leporowski, P., St. Adalbertstrasse 31.,,Św. Wojciech,Św. Wojciech 31, Poznań
Lewin, S., Krämerstr. 24.,,Kramarska,Kramarska 24, Poznań
Liebig, C., Victoriastr. 3.,,Seweryna Mielżyńskiego/Gwarna,Seweryna Mielżyńskiego/Gwarna 3, Poznań
Lira, M., Hedwigstr. 26, J.,Kraszewskiego,Kraszewskiego 26, Poznań
Machrzycki, F., Theaterstr. 2.,,3 Maja,3 Maja 2, Poznań
Maetze, C., Brombergerstr. 2a.,,Bydgoska,Bydgoska 2a, Poznań
Malinowski, M., Bismarckstr. 6.,,Kantaka,Kantaka 6, Poznań
Manczak, A., Gr. Berlinerstr. 1, J.,Dąbrowskiego,Dąbrowskiego 1, Poznań
Mandel, P., Wilhelmspl. 5.,,Pl. Wolnosci,Pl. Wolności 5, Poznań
Mangelsdorf, P., Friedrichstr. 30.,,26 lutego,26 lutego 30, Poznań
Manicki, V., Alt. Markt 77.,,Stary Rynek,Stary Rynek 77, Poznań
Markowski, C, St. Martinstr. 22.,,Św. Marcin,Św. Marcin 22, Poznań
Massow, S., Halbdorfstr. 25.,,Półwiejska,Półwiejska 25, Poznań
Matuszewski, M., Taubenstr. 5.,,Gołębia,Gołębia 5, Poznań
Matuszewski, J., Wilhemstr. 15.,,Al. Marcinkowskiego,Al. Marcinkowskiego 15, Poznań
Meineke ,F., Bachstr. 18,W,Gen. Sikorskiego,Gen. Sikorskiego 18, Poznań
Methner, J., Gr. Berlinerstr. 70, J.,Dąbrowskiego,Dąbrowskiego 70, Poznań
Mewes, O., Kronprinzenstr. 110, W.,Górna Wilda,Górna Wilda 110, Poznań
Meyer, R., Kais. Friedrichstr. 43,J.,Wawrzyniaka,Wawrzyniaka 43, Poznań
Michałski, A., Kasernenstr. 3 = Nollendorfstrasse, J.,Jackowskiego,Jackowskiego 3, Poznań
Miczynski, G., Bäckerstr. 17.,,Piekary,Piekary 17, Poznań
Mihram, H., Piotrowo 1.,,Piotrowo,Piotrowo 1, Poznań
Mikołajczak, M, Krämerstr. 19/20.,,Kramarska,Kramarska 19/20, Poznań
Mikołajczak, F. , Friedrichstr. 14.,,23 lutego,23 Lutego 14, Poznań
Miskiewiez, J., Alt. Markt 58.,,Stary Rynek,Stary Rynek 58, Poznań
Mittelstaedt, A., Wronkerstr. 15.,,Wroniecka,Wroniecka 15, Poznań
Mittmann, P., Kronprinzenstr. 7, W.,Górna Wilda,Górna Wilda 7, Poznań
Mohaupt, E., Fabrikstr. 6 W.,,Fabryczna,Fabryczna 6, Poznań
Musiałowski, V., St. Martinstr. 3.,,Św. Marcin,Św. Marcin 3, Poznań
Muthmann, G., Mühlthor 2,, Brama Młyńska 2,Brama Młyńska 2, Poznań
Nehring, S., Fischerei 9.,,Rybaki,Rybaki 9, Poznań
Nerlich, A., St. Martinstr. 31.,,Św. Marcin,Św. Marcin 31, Poznań
Neuhof, B., Schützenstr. 5.,,Strzelecka,Strzelecka 5, Poznań
Nowacki, L., Gr. Gerberstr. 23.,,Garbary,Garbary 23, Poznań
Nowicka, P., Bukerstr. 35, J.,Bukowska,Bukowska 35, Poznań
Nowicka, G. , Ritterstr. 26.,,Ratajczaka,Ratajczaka 26, Poznań
Nowotny, A., Berdychowo 6.,, Berdychowo 6.,Berdychowo 6, Poznań
Okoniewski, W, St. Roch 11.,,Św. Rocha,Św. Rocha 11, Poznań
Olszewski, P., Eichwaldstr. 3.,,Droga Dębińska,Droga Dębińska 3, Poznań
Olszewski, W., St. Martinstr. 45.,,Św. Marcin,Św. Marcin 45, Poznań
Opitz, F., Villenstr. 80, W.,Dolna Wilda,Dolna Wilda 80, Poznań
Paluszkiewiez, L., Kaiser Friedrichstr.41, J.,Wawrzyniaka,Wawrzyniaka 41, Poznań
Pierski, P., St.  Martinstr. 41.,,Św. Marcin,Św. Marcin 41, Poznań
Pietrowski, J., Jesuitenstr. 4.,,Świętosławska,Świętosławska 4, Poznań
Piotrowski, J., Klosterstr. 12,,Klasztorna,Klasztorna 12, Poznań
Piotrowski, W., Schiessstr. 5.,,Strzałowa,Strzałowa 5, Poznań
Plucinski, J., Eichwaldstr. 1.,,Droga Dębińska,Droga Dębińska 1, Poznań
Pohl, O., Bergstr. 12a.,,Podgórna,Podgórna 12a, Poznań
Przybylski, J., Wronkerstr. 12.,,Wroniecka,Wroniecka 12, Poznań
Quenstädt, E., St. Adalbertstr. 25.,,Św. Wojciech,Św. Wojciech 25, Poznań
Rabski, F., Ritterstr. 38.,,Ratajczaka,Ratajczaka 38, Poznań
Rau, E., Kaiser Friedrichstr. 41, J.,Wawrzyniaka,Wawrzyniaka 41, Poznań
Rehdanz, F., Glogauerstr. 104, L.,Głogowska,Głogowska 104, Poznań
Rehdanz, W., Gr. Berlinerstr. 46, J.,Dąbrowskiego,Dąbrowskiego 46, Poznań
Reinen, H., Gr. Gerberstr. 8.,,Garbary,Garbary 8, Poznań
Rinsch, O., Kronprinzenstrasse 112/113, W.,Górna Wilda,Górna Wilda 112/113, Poznań
Röhr, W., Breslauerstr. 38.,,Wrocławska,Wrocławska 38, Poznań
Rojda, S., Warschauerstr. 15.,,Warszawska,Warszawska 15, Poznań
Rybicki, M., Theaterstr. 2.,,3 Maja,3 Maja 2, Poznań
Sałata, J., Posenerstr. 6, J.,Poznańska,Poznańska 6, Poznań
Salisch, J., Grünestr. 9.,,Zielona,Zielona 9, Poznań
Sarnowski, J. v., Centralstr. 4, L.,Odskok,52°24'04.3"N 16°54'33.5"E
Schart, A., Klosterstr. 5.,,Klasztorna,Klasztorna 5, Poznań
Scheffler, A, Bahnhof am Gerberdamm 1.,,Garbary,Garbary 1, Poznań
Schelske, C., St. Martinstr. 43.,,Św. Marcin,Św. Marcin 43, Poznań
Scheuermann, G., Kanonenpl. 4.,,Działowa,Działowa 4, Poznań
Schiefek, E., Bismarckstr. 1.,,Kantaka,Kantaka 1, Poznań
Schiller, J., Sapiehapl. 5.,,Plac Wielkopolski,Plac Wielkopolski 5, Poznań
Schleichert, M., Bahnstr. 27, W.,Kolejowa,Kolejowa 27, Poznań
Schneider, J., Breitestr. 15.,,Wielka,Wielka 15, Poznań
Schoen, L., Schrodkamarkt 7/8.,,Rynek Śródecki,Rynek Śródecki 7/8, Poznań
Schulz, G., Bukerstr. 25, J.,Bukowska,Bukowska 25, Poznań
Schulz, H., Kais. Victoriastr. 31, Ba.,Grunwaldzka,Grunwaldzka 31, Poznań
Schumann, A, Wronkerstr. 18.,,Wroniecka,Wroniecka 18, Poznań
Schütze, H., Ostrowek 11.,,Ostrówek,Ostrówek 11, Poznań
Schwerenz, Is., Kanonenpl. 18.,,Działowa,Działowa 18, Poznań
Seeliger, P., Wronkerstr. 12.,,Wroniecka,Wroniecka 12, Poznań
Siemieniewski, L., Villenstr. 60, W.,Dolna Wilda,Dolna Wilda 60, Poznań
Skrzypczak, A., Alt. Markt 27/28.,,Stary Rynek,Stary Rynek 27/28, Poznań
Skrzypek, S., Büttelstr. 6.,,Woźna,Woźna 6, Poznań
Sołecka, M., Alt. Markt 34.,,Stary Rynek,Stary Rynek 34, Poznań
Sperling, P., Schifferstr. 15.,,Szyferska,Szyferska 15, Poznań
Stachowiak, A., Alt. Markt 20.,,Stary Rynek,Stary Rynek 20, Poznań
Stawinski, T., St. Martinstr. 28.,,Św. Marcin,Św. Marcin 28, Poznań
Stebner, W., Gr. Berlinerstr. 49, J.,Dąbrowskiego,Dąbrowskiego 49, Poznań
Stelmaszewski, J., Alt. Markt 30.,,Stary Rynek,Stary Rynek 30, Poznań
Steuer, I., Thiergartenstr. 11, J.,Zwierzyniecka,Zwierzyniecka 11, Poznań
Strożynski, H., Eichwaldstr. 8.,,Droga Dębińska,Droga Dębińska 8, Poznań
Strożynski, A., Kirchstr. 24, J.,Kościelna,Kościelna 24, Poznań
Styczynska, M., Langestr. 16.,,Długa,Długa 16, Poznań
Szermer, B., Kais. Victoriastr. 3, J.,Grunwaldzka,Grunwaldzka 3, Poznań
Szymańki, M., Alter Markt 44 (Eingang Büttelstr.),,Stary Rynek,Stary Rynek 44 (Eingang Büttelstr.), Poznań
Tafelska, H., Wallischei 6.,,Chwaliszewo,Chwaliszewo 6, Poznań
Tauber, H., Thiergartenstr 12, J.,Zwierzyniecka,Zwierzyniecka 12, Poznań
Tominski, F., Jesuitenstr. 11.,,Świętosławska,Świętosławska 11, Poznań
Topolinski, M., Wasserstr. 13.,,Wodna,Wodna 13, Poznań
Topolinski, Th., Wienerstr. 1.,,Szymanskiego,Szymańskiego 1, Poznań
Truszkowski, F. , Schweizerstr. 11,W.,Chwiałkowskiego,Chwiałkowskiego 11, Poznań
Tulecki, R., Berdychowo 5.,, Berdychowo 5.,Berdychowo 5, Poznań
'Turkiewicz, J., Alt. Markt 77.,,Stary Rynek,Stary Rynek 77, Poznań
Ueberall, I., Bäckerstr. 28.,,Piekary,Piekary 28, Poznań
Urbański, J., Paulikirchstr. 6.,,Fredy,Fredy 6, Poznań
Vetter. ,F., Ritterstr. 7.,,Ratajczaka,Ratajczaka 7, Poznań
Waligórski, A., Glogauerstr. 94, L.,Głogowska,Głogowska 94, Poznań
Walski, C., Alt. Markt 85.,,Stary Rynek,Stary Rynek 85, Poznań
Walter, Joh., Glogauerstr. 84, L.,Głogowska,Głogowska 84, Poznań
Wdowczak, T., Grosse Berlinerstrasse 59, J.,Dąbrowskiego,Dąbrowskiego 59, Poznań
Wędzicki, S., Wilhelmstr. 27.,,Al. Marcinkowskiego,Al. Marcinkowskiego 27, Poznań
Wende, W., Wallischei 66.,,Chwaliszewo,Chwaliszewo 66, Poznań
Wendland, C., Hedwigstr. 2, J.,Kraszewskiego,Kraszewskiego 2, Poznań
Wenzel, A., Wronkerstr. 4.,,Wroniecka,Wroniecka 4, Poznań
Wiedermann, H., Halbdorfstr. 25.,,Półwiejska,Półwiejska 25, Poznań
Wiedermann, H., Königspl. 5.,,Pl. Ratajskiego,Pl. Ratajskiego 5, Poznań
Wieloch, J., Gr. Gerberstr. 45.,,Garbary,Garbary 45, Poznań
Wilanczyk, A, Kirchstr. 26, J.,Kościelna,Kościelna 26, Poznań
Wilczyński, M, Wallischei 72.,,Chwaliszewo,Chwaliszewo 72, Poznań
Willenius, A. , Bukerstr. 37,J.,Bukowska,Bukowska 37, Poznań
Wiltschke, C., Wasserstr. 27.,,Wodna,Wodna 27, Poznań
Winkler, E£. , Gr. Berlinerstr. 53, J.,Dąbrowskiego,Dąbrowskiego 53, Poznań
Wipf, O., Breslauerstr. 19.,,Wrocławska,Wrocławska 19, Poznań
Wojciechowski, V., Festungsstrasse 17, J.,Jeżycka,Jeżycka 17, Poznań
Wolkiewicz, J., Feldstr. 16 ,J.,Polna,Polna 16, Poznań
Wuttge, M., Berdychowo 4.,, Berdychowo 4.,Berdychowo 4, Poznań
Zimny, V., Wallischei 69.,,Chwaliszewo,Chwaliszewo 69, Poznań
Zunke, R., Posenerstr. 58, J.,Poznańska,Poznańska 58, Poznań
